<?xml version="1.0" encoding="utf-8"?>
<extension version="2.5" type="plugin" group="content">
	<name>VK video plugin</name>
	<author>Alexandr Sudakov</author>
	<creationDate>June 2013</creationDate>
	<copyright>Enjoy it</copyright>
	<license>http://www.gnu.org/licenses/gpl-2.0.html GNU/GPL</license>
	<authorEmail>cygakob@gmail.com</authorEmail>
	<authorUrl></authorUrl>
	<version>1.0</version>
	<description>
	<![CDATA[
<p>With this plugin, you can embed VK videos into articles simply by copying and pasting part of the video code between the vkvideo tags: {vkvideo}code{/vkvideo}. So for instance for <a href="http://vk.com/video425890_164868700">video</a>:<br/>
click on "share video" -&gt; "get video code"<br/>
&lt;iframe src="http://vk.com/video_ext.php?oid=32194266&id=162925554&hash=7d8c2e0d5e05aeaa&hd=1" width="607" height="360" frameborder="0"&gt;&lt;/iframe&gt;
<br/>
Then you would insert the following text to your article:<br/>
{vkvideo}src="http://vk.com/video_ext.php?oid=32194266&id=162925554&hash=7d8c2e0d5e05aeaa&hd=1" width="607" height="360" frameborder="0"{/vkvideo}<br/>
<br/>
You can find more information here: https://github.com/cyga/vk-video-joomla-plugin
</p>
<p>Don't forget to enable plugin (Toolbar: Extension -&gt; Plug-in Manager -&gt; switching the button from red to green).</p>
	]]>
	</description>
	<files>
		<filename plugin="vkvideoplugin">vkvideoplugin.php</filename>
	</files>
	<config>
		<fields name="params">
			<fieldset name="basic">
                <!-- Default width & height, frameborder?
				<field name="width" type="text" default="425" label="Width" description="Width of the video. Default width is 425 pixels." />
				<field name="height" type="text" default="344" label="Height" description="Height of the video. Default height is 344 pixels." />
                -->
			</fieldset>
		</fields>
	</config>
</extension>
